date,thủ thuật AI,gemini,antigravity,kinh doanh online,trợ lý AI
2026-10-04 04:00:00,0,49,1,0,0
2026-10-04 05:00:00,0,52,1,0,0
2026-10-04 06:00:00,0,51,1,0,0
2026-10-04 07:00:00,0,50,1,0,0
2026-10-04 08:00:00,0,51,1,0,0
2026-10-04 09:00:00,0,52,1,0,0
2026-10-04 10:00:00,0,51,1,0,0
2026-10-04 11:00:00,0,50,1,0,0
2026-10-04 12:00:00,0,50,1,0,0
2026-10-04 13:00:00,0,55,1,0,0
2026-10-04 14:00:00,0,55,1,0,0
2026-10-04 15:00:00,0,50,1,0,0
2026-10-04 16:00:00,0,47,1,0,0
2026-10-04 17:00:00,0,43,0,0,0
2026-10-04 18:00:00,0,38,0,0,0
2026-10-04 19:00:00,0,39,0,0,0
2026-10-04 20:00:00,0,35,0,0,0
2026-10-04 21:00:00,0,32,0,0,0
2026-10-04 22:00:00,0,33,0,0,0
2026-10-04 23:00:00,0,36,0,0,0
2026-10-05 00:00:00,0,42,0,0,0
2026-10-05 01:00:00,0,55,0,0,0
2026-10-05 02:00:00,0,62,1,0,0
2026-10-05 03:00:00,0,63,1,0,0
2026-10-05 04:00:00,0,62,1,0,0
2026-10-05 05:00:00,0,64,1,0,0
2026-10-05 06:00:00,0,66,1,0,0
2026-10-05 07:00:00,0,67,1,0,0
2026-10-05 08:00:00,0,64,1,0,0
2026-10-05 09:00:00,0,59,1,0,0
2026-10-05 10:00:00,0,57,1,0,0
2026-10-05 11:00:00,0,55,1,0,0
2026-10-05 12:00:00,0,63,1,0,0
2026-10-05 13:00:00,0,65,1,0,0
2026-10-05 14:00:00,0,64,1,0,0
2026-10-05 15:00:00,0,59,1,0,0
2026-10-05 16:00:00,0,61,1,0,0
2026-10-05 17:00:00,0,54,0,0,0
2026-10-05 18:00:00,0,50,0,0,0
2026-10-05 19:00:00,0,45,0,0,0
2026-10-05 20:00:00,0,44,0,0,0
2026-10-05 21:00:00,0,44,0,0,0
2026-10-05 22:00:00,0,46,0,0,0
2026-10-05 23:00:00,0,47,0,0,0
2026-10-06 00:00:00,0,54,0,0,0
2026-10-06 01:00:00,0,63,1,0,0
2026-10-06 02:00:00,0,65,1,0,0
2026-10-06 03:00:00,0,64,1,0,0
2026-10-06 04:00:00,0,59,1,0,0
2026-10-06 05:00:00,0,62,1,0,0
2026-10-06 06:00:00,0,68,1,0,0
2026-10-06 07:00:00,0,68,1,0,0
2026-10-06 08:00:00,0,66,1,0,0
2026-10-06 09:00:00,0,60,1,0,0
2026-10-06 10:00:00,0,55,1,0,0
2026-10-06 11:00:00,0,60,1,0,0
2026-10-06 12:00:00,0,65,1,0,0
2026-10-06 13:00:00,0,65,1,0,0
2026-10-06 14:00:00,0,64,1,0,0
2026-10-06 15:00:00,0,62,1,0,0
2026-10-06 16:00:00,0,57,1,0,0
2026-10-06 17:00:00,0,56,1,0,0
2026-10-06 18:00:00,0,47,0,0,0
2026-10-06 19:00:00,0,46,0,0,0
2026-10-06 20:00:00,0,43,0,0,0
2026-10-06 21:00:00,0,45,0,0,0
2026-10-06 22:00:00,0,47,0,0,0
2026-10-06 23:00:00,0,45,0,0,0
2026-10-07 00:00:00,0,53,0,0,0
2026-10-07 01:00:00,0,58,0,0,0
2026-10-07 02:00:00,0,65,1,0,0
2026-10-07 03:00:00,0,65,1,0,0
2026-10-07 04:00:00,0,61,1,0,0
2026-10-07 05:00:00,0,62,1,0,0
2026-10-07 06:00:00,0,67,1,0,0
2026-10-07 07:00:00,0,68,1,0,0
2026-10-07 08:00:00,0,65,1,0,0
2026-10-07 09:00:00,0,61,1,0,0
2026-10-07 10:00:00,0,58,1,0,0
2026-10-07 11:00:00,0,57,1,0,0
2026-10-07 12:00:00,0,60,1,0,0
2026-10-07 13:00:00,0,67,1,0,0
2026-10-07 14:00:00,0,67,1,0,0
2026-10-07 15:00:00,0,60,1,0,0
2026-10-07 16:00:00,0,62,1,0,0
2026-10-07 17:00:00,0,52,0,0,0
2026-10-07 18:00:00,0,51,0,0,0
2026-10-07 19:00:00,0,46,0,0,0
2026-10-07 20:00:00,0,47,0,0,0
2026-10-07 21:00:00,0,44,0,0,0
2026-10-07 22:00:00,0,45,0,0,0
2026-10-07 23:00:00,0,46,0,0,0
2026-10-08 00:00:00,0,52,0,0,0
2026-10-08 01:00:00,0,60,1,0,0
2026-10-08 02:00:00,0,65,1,0,0
2026-10-08 03:00:00,0,66,1,0,0
2026-10-08 04:00:00,0,62,1,0,0
2026-10-08 05:00:00,0,66,1,0,0
2026-10-08 06:00:00,0,66,1,0,0
2026-10-08 07:00:00,0,62,1,0,0
2026-10-08 08:00:00,0,65,1,0,0
2026-10-08 09:00:00,0,59,1,0,0
2026-10-08 10:00:00,0,56,1,0,0
2026-10-08 11:00:00,0,55,1,0,0
2026-10-08 12:00:00,0,59,1,0,0
2026-10-08 13:00:00,0,60,1,0,0
2026-10-08 14:00:00,0,64,1,0,0
2026-10-08 15:00:00,0,57,1,0,0
2026-10-08 16:00:00,0,100,1,0,0
2026-10-08 17:00:00,0,56,0,0,0
2026-10-08 18:00:00,0,49,0,0,0
2026-10-08 19:00:00,0,45,0,0,0
2026-10-08 20:00:00,0,44,0,0,0
2026-10-08 21:00:00,0,43,0,0,0
2026-10-08 22:00:00,0,42,0,0,0
2026-10-08 23:00:00,0,44,0,0,0
2026-10-09 00:00:00,0,48,0,0,0
2026-10-09 01:00:00,0,56,0,0,0
2026-10-09 02:00:00,0,62,1,0,0
2026-10-09 03:00:00,0,59,1,0,0
2026-10-09 04:00:00,0,57,1,0,0
2026-10-09 05:00:00,0,56,1,0,0
2026-10-09 06:00:00,0,64,1,0,0
2026-10-09 07:00:00,0,61,1,0,0
2026-10-09 08:00:00,0,58,1,0,0
2026-10-09 09:00:00,0,59,1,0,0
2026-10-09 10:00:00,0,53,1,0,0
2026-10-09 11:00:00,0,53,0,0,0
2026-10-09 12:00:00,0,56,0,0,0
2026-10-09 13:00:00,0,55,1,0,0
2026-10-09 14:00:00,0,54,0,0,0
2026-10-09 15:00:00,0,51,0,0,0
2026-10-09 16:00:00,0,48,0,0,0
2026-10-09 17:00:00,0,45,0,0,0
2026-10-09 18:00:00,0,42,0,0,0
2026-10-09 19:00:00,0,40,0,0,0
2026-10-09 20:00:00,0,37,0,0,0
2026-10-09 21:00:00,0,38,0,0,0
2026-10-09 22:00:00,0,35,0,0,0
2026-10-09 23:00:00,0,37,0,0,0
2026-10-10 00:00:00,0,40,0,0,0
2026-10-10 01:00:00,0,46,0,0,0
2026-10-10 02:00:00,0,49,1,0,0
2026-10-10 03:00:00,0,49,1,0,0
2026-10-10 04:00:00,0,52,1,0,0
2026-10-10 05:00:00,0,49,1,0,0
2026-10-10 06:00:00,0,51,1,0,0
2026-10-10 07:00:00,0,51,1,0,0
2026-10-10 08:00:00,0,49,1,0,0
2026-10-10 09:00:00,0,46,1,0,0
2026-10-10 10:00:00,0,49,0,0,0
2026-10-10 11:00:00,0,43,0,0,0
2026-10-10 12:00:00,0,44,0,0,0
2026-10-10 13:00:00,0,45,0,0,0
2026-10-10 14:00:00,0,44,0,0,0
2026-10-10 15:00:00,0,41,0,0,0
2026-10-10 16:00:00,0,39,0,0,0
2026-10-10 17:00:00,0,37,0,0,0
2026-10-10 18:00:00,0,34,0,0,0
2026-10-10 19:00:00,0,33,0,0,0
2026-10-10 20:00:00,0,32,0,0,0
2026-10-10 21:00:00,0,32,0,0,0
2026-10-10 22:00:00,0,31,0,0,0
2026-10-10 23:00:00,0,31,0,0,0
2026-10-11 00:00:00,0,31,0,0,0
2026-10-11 01:00:00,0,36,0,0,0
2026-10-11 02:00:00,0,40,0,0,0
2026-10-11 03:00:00,0,46,0,0,0
2026-10-11 04:00:00,0,47,1,0,0
